{
    "accuracy": 0.9086294416243654,
    "precision": 0.9166666666666666,
    "recall": 0.8979591836734694,
    "f1_score": 0.9072164948453608
}