{
    "accuracy": 0.5583756345177665,
    "precision": 0.6037735849056604,
    "recall": 0.32653061224489793,
    "f1_score": 0.423841059602649
}