{
    "accuracy": 0.9492385786802031,
    "precision": 0.9523809523809523,
    "recall": 0.9387755102040816,
    "f1_score": 0.9455782312925170
}